# NOTE: OTA updates only ever rewrite the app0/app1 slots, never this table.
# Any future firmware image must stay <= 0x1E0000 (1,966,080) bytes, or the
# device needs a physical USB reflash with an updated partitions.csv — OTA
# cannot change the partition table itself.
# Name,   Type, SubType, Offset,  Size, Flags
nvs,      data, nvs,     0x9000,  0x5000,
otadata,  data, ota,     0xe000,  0x2000,
app0,     app,  ota_0,   0x10000, 0x1E0000,
app1,     app,  ota_1,   0x1F0000,0x1E0000,
coredump, data, coredump,0x3D0000,0x10000,
